TESTING | [Longplay][RC Pro Am II] NES Broadcast 3/25/2024 | TESTING~https://www.youtube.com/watch?v=xEj9mD1rNbE~RC Pro Am II~./images/RC Pro Am II.jpg
[Slime Rancher 2] Steam Deck Livestream~https://www.youtube.com/watch?v=yN3vnnPeozo~Slime Rancher 2~
[Fortnite] livestream 3/31/24 pt1~https://www.youtube.com/watch?v=5ZUzcsWpR74~Fortnite~
Red Purdy Maxis Club TV Show - Frankenmint Audition Tape~https://www.youtube.com/watch?v=Ov8T3TzKT-Y~Red Purdy Maxis Club TV Show - Frankenmint Audition Tape~
3d print bunny response~https://www.youtube.com/watch?v=Yva1jAY1x70~3d print bunny response~
[lego Fortnite] livestream 4/2/24 pt2~https://www.youtube.com/watch?v=d-wV8nq0zmY~lego Fortnite~
[lego Fortnite] livestream 4/03/24 pt1~https://www.youtube.com/watch?v=t4-I6wqJCeE~lego Fortnite~
Smoke session and spring cleaning~https://www.youtube.com/watch?v=7-ba3ttFaOM~Smoke session and spring cleaning~
hisense tv repair - mainboard livestream~https://www.youtube.com/watch?v=tWAk1J2ZAUs~hisense tv repair - mainboard livestream~
pi rat rig unboxing livestream~https://www.youtube.com/watch?v=Y0LpuarSXeQ~pi rat rig unboxing livestream~
[Teenage Mutant Ninja Turtles: Shredders Revenge] Steam Deck Livestream~https://www.youtube.com/watch?v=OzKyguzSKIs~Teenage Mutant Ninja Turtles: Shredders Revenge~
Hanging w/ Timmy: (4/8/24) Pi Rat Setup (citadel) plus making 3dp files from images~https://www.youtube.com/watch?v=7S6S38d_H1U~Hanging w/ Timmy: (4/8/24) Pi Rat Setup (citadel) plus making 3dp files from images~
bitcoin node hardware~https://www.youtube.com/watch?v=SvuKZ9aK52E~bitcoin node hardware~
work on bitcoin node in the garage: chill and ama~https://www.youtube.com/watch?v=RUXm2Mltcd4~work on bitcoin node in the garage: chill and ama~
[super smash brothers ultimate] Steam Deck Livestream~https://www.youtube.com/watch?v=cke0PHG7XCw~super smash brothers ultimate~
[Doronko Wanko] Steam Deck Livestream~https://www.youtube.com/watch?v=lv3_ZtaqGT4~Doronko Wanko~
btcpay server setup livestream~https://www.youtube.com/watch?v=RzpvsfHBMFs~btcpay server setup livestream~
Hanging w/ Timmy: (4/11/24) Macrodosing, OBS on screen filtering, and hosting management~https://www.youtube.com/watch?v=8wWTGf8xA4g~Hanging w/ Timmy: (4/11/24) Macrodosing, OBS on screen filtering, and hosting management~
Hanging w/ Timmy: (4/11/24) pt2 Macrodosing, hosting management~https://www.youtube.com/watch?v=2tkZIdE6UlE~Hanging w/ Timmy: (4/11/24) pt2 Macrodosing, hosting management~
Hanging w/ Timmy: (4/11/24) pt 3 hosting management cont.~https://www.youtube.com/watch?v=xM1645lcCN8~Hanging w/ Timmy: (4/11/24) pt 3 hosting management cont.~
[Sonic colors] Livestream 4/13/24~https://www.youtube.com/watch?v=qiWP126bZPg~Sonic colors~
[ Plants vs. Zombies Battle for Neighborville] Livestream 4/16/24~https://www.youtube.com/watch?v=nzzwJiCblTA~ Plants vs. Zombies Battle for Neighborville~
bitcoin halving party livestream~https://www.youtube.com/watch?v=QQNH2b8yhHM~bitcoin halving party livestream~
420 special: aged mango wrap blunt livestream~https://www.youtube.com/watch?v=kIRMVYWVWyI~420 special: aged mango wrap blunt livestream~
[slime rancher] Livestream 4/20/24~https://www.youtube.com/watch?v=sEVucDgsXV8~slime rancher~
[Minecraft dungeons] livestream 4/20/24~https://www.youtube.com/watch?v=tKzMbe2a6G8~Minecraft dungeons~
[Minecraft dungeons] livestream 4/20/24 pt2~https://www.youtube.com/watch?v=wY5R-TF1RyU~Minecraft dungeons~
[ Tony Hawk&#39;s Pro skater 1 and 2] livestream 4/20/24~https://www.youtube.com/watch?v=uZYhIQgXo54~ Tony Hawk&#39;s Pro skater 1 and 2~
Frankenmint Live 4/21/24~https://www.youtube.com/watch?v=ejA14kXo8Uk~Frankenmint Live 4/21/24~
[Plants vs. Zombies Battle for Neighborville] Livestream 4/23/24~https://www.youtube.com/watch?v=8X6LzhnNZB4~Plants vs. Zombies Battle for Neighborville~
[Fortnite] livestream 4/24/24~https://www.youtube.com/watch?v=E5AJdqEHqz4~Fortnite~
[Fortnite] livestream 4/25/24~https://www.youtube.com/watch?v=k08uhaAgOKY~Fortnite~
[Plants vs. Zombies Battle for Neighborville] Livestream 4/28/24~https://www.youtube.com/watch?v=DL2khWo5lNI~Plants vs. Zombies Battle for Neighborville~
[Plants vs. Zombies Battle for Neighborville] Livestream 4/30/24~https://www.youtube.com/watch?v=OhVivqzZQmo~Plants vs. Zombies Battle for Neighborville~
[Sonic Mania] blue spheres Livestream 5/3/24~https://www.youtube.com/watch?v=_FrQAA3HANM~Sonic Mania~
[Sonic Mania] playthrough pt2 Livestream 5/3/24~https://www.youtube.com/watch?v=MjO6d4UABL4~Sonic Mania~
[Sonic Mania] playthrough pt3 Livestream 5/3/24~https://www.youtube.com/watch?v=woKDC8goL20~Sonic Mania~
[Fortnite] livestream 5/03/24~https://www.youtube.com/watch?v=7AnNVCveHvw~Fortnite~
[Helldivers II] livestream 5/03/24~https://www.youtube.com/watch?v=1PyfISWQq1Y~Helldivers II~
[Fortnite] livestream 5/04/24~https://www.youtube.com/watch?v=E6gmGZAvhO0~Fortnite~
[Shadowgate] Live with Timmy: Fixing Social Ann Script~https://www.youtube.com/watch?v=gYvekTYC3ss~Shadowgate~./images/Shadowgate.jpg
The Farm (2018) Reaction Livestream~https://www.youtube.com/watch?v=dgl71PfyaVI~The Farm (2018) Reaction Livestream~
Frankenmint Live! story time 5/5/24~https://www.youtube.com/watch?v=wm1B5zLf2a4~Frankenmint Live! story time 5/5/24~
[Fortnite] livestream 5/06/24~https://www.youtube.com/watch?v=8LMysRzWjT8~Fortnite~./images/Fortnite.jpg
[Fortnite] livestream 5/07/24~https://www.youtube.com/watch?v=sjsObCpDDHc~Fortnite~./images/Fortnite.jpg
[Fortnite] livestream 5/08/24~https://www.youtube.com/watch?v=pSqIrI6l-78~Fortnite~./images/Fortnite.jpg
[Fortnite] livestream 5/08/24 pt2~https://www.youtube.com/watch?v=ZfALEQXX7E4~Fortnite~./images/Fortnite.jpg
Live with Frankenmint~https://www.youtube.com/watch?v=Em4ESgb6Wcg~Live with Frankenmint~
[Fortnite] mothers day livestream 5/12/24~https://www.youtube.com/watch?v=SiD2vkaNP18~Fortnite~./images/Fortnite.jpg
[Fortnite] livestream 5/13/24~https://www.youtube.com/watch?v=FzR5XNvK9m0~Fortnite~./images/Fortnite.jpg
[Fortnite] livestream 5/14/24~https://www.youtube.com/watch?v=uSpYamq8EsU~Fortnite~./images/Fortnite.jpg
[HellDivers 2] livestream 5/14/24~https://www.youtube.com/watch?v=MTpQMwzwe7s~HellDivers 2~./images/HellDivers 2.jpg
[Fortnite] livestream 5/14/24~https://www.youtube.com/watch?v=5hei1XM0lRg~Fortnite~./images/Fortnite.jpg
[Sonic Frontiers] Live stream 5/19/2024~https://www.youtube.com/watch?v=mlHxxXrSRZY~Sonic Frontiers~./images/Sonic Frontiers.jpg
[Fortnite] livestream 5/22/24~https://www.youtube.com/watch?v=UjQDfRJ2tEc~Fortnite~./images/Fortnite.jpg
[Fortnite] livestream 5/23/24~https://www.youtube.com/watch?v=y2MJOMqPht4~Fortnite~./images/Fortnite.jpg
[Fortnite] livestream 5/23/24 pt2~https://www.youtube.com/watch?v=i-MxlaWSRqo~Fortnite~./images/Fortnite.jpg
mpc one may 2024 podcast~https://www.youtube.com/watch?v=M8-yxdoeEZc~mpc one may 2024 podcast~
[Fortnite] livestream 5/24/24~https://www.youtube.com/watch?v=hLeGvheKnE0~Fortnite~./images/Fortnite.jpg
Frankenmint Live! 5/24/2024~https://www.youtube.com/watch?v=d_Ds3L4uDnY~Frankenmint Live! 5/24/2024~
[Streets of Rage 4] livestream 5/26/24~https://www.youtube.com/watch?v=ERmhNvh5Vk8~Streets of Rage 4~./images/Streets of Rage 4.jpg
Memorial Day 2024 MPC Jam!~https://www.youtube.com/watch?v=-kez3JFv7dk~Memorial Day 2024 MPC Jam!~
[Fortnite] livestream 5/27/24~https://www.youtube.com/watch?v=f-esAfHMENw~Fortnite~./images/Fortnite.jpg
[Streets of Rage 4] livestream 5/27/24~https://www.youtube.com/watch?v=4YrAxxQRvX4~Streets of Rage 4~./images/Streets of Rage 4.jpg
[Fortnite] livestream 5/27/24~https://www.youtube.com/watch?v=D44U9Wl8eD4~Fortnite~./images/Fortnite.jpg
[Fortnite] livestream 5/27/24 pt2~https://www.youtube.com/watch?v=b2DALEP1F0s~Fortnite~./images/Fortnite.jpg
[Fortnite] livestream 5/29/24~https://www.youtube.com/watch?v=MualSrHJhrI~Fortnite~./images/Fortnite.jpg
[Fortnite] livestream 5/30/24~https://www.youtube.com/watch?v=ScSx55WzC-I~Fortnite~./images/Fortnite.jpg
[Helldivers 2] livestream 5/30/24~https://www.youtube.com/watch?v=Ncz7m3Pzcso~Helldivers 2~./images/Helldivers 2.jpg
[Crash Bandicoot 4] Live stream 6/14/2024~https://www.youtube.com/watch?v=otFOMjkIBqA~Crash Bandicoot 4~./images/Crash Bandicoot 4.jpg
[Fortnite] livestream 6/16/24~https://www.youtube.com/watch?v=a5VrDaLK2XI~Fortnite~./images/Fortnite.jpg
[Fortnite] livestream 6/17/24~https://www.youtube.com/watch?v=tnppZ9QgRQo~Fortnite~./images/Fortnite.jpg
